timestamp_utc,kind,policy,model_run_id,model_sha256,symbol,segment,segment_start,segment_end,fee_rate,fixed_fee,slippage,seeds,total_return,max_drawdown,sharpe,trades,rejected,turnover,fees_paid,fees_pct,exposure,notes
2026-10-01T14:35:59.759Z,baseline,buy_and_hold,,,BTCUSDT,test,2025-09-01,2026-08-31,0,0,0,1,-0.27388357920000017,0.53740897000777976,-0.73583344804723771,1,0,1.3105233868545283,0,0,1,
2026-10-01T14:35:59.761Z,baseline,cash,,,BTCUSDT,test,2025-09-01,2026-08-31,0,0,0,1,0,0,0,0,0,0,0,0,0,
2026-10-01T14:36:00.053Z,baseline,random,,,BTCUSDT,test,2025-09-01,2026-08-31,0,0,0,100,-0.138529284470002,0.33973875142487986,-0.56237386361141128,5699.5,106.5,1470.8076518028679,0,0,1,medians over seeds 0-99; total_return p5=-0.32259207404599882 p95=0.13515915696000108
2026-10-01T14:36:00.060Z,baseline,buy_and_hold,,,BTCUSDT,test,2025-09-01,2026-08-31,0.001,0,0,1,-0.27461581017747005,0.53742050846267675,-0.73812274734571293,1,0,1.3105661284733283,9.9900069747,0.099900069747,1,
2026-10-01T14:36:00.062Z,baseline,cash,,,BTCUSDT,test,2025-09-01,2026-08-31,0.001,0,0,1,0,0,0,0,0,0,0,0,0,
2026-10-01T14:36:00.346Z,baseline,random,,,BTCUSDT,test,2025-09-01,2026-08-31,0.001,0,0,100,-0.800256240641661,0.810221807134085,-6.09062623286729,5637.5,162.5,1473.9062764230257,7008.5320270520515,70.085320270520526,1,medians over seeds 0-99; total_return p5=-0.84439143273981665 p95=-0.74013462192446222
2026-10-01T14:36:00.352Z,baseline,buy_and_hold,,,BTCUSDT,test,2025-09-01,2026-08-31,0.003,0,0,1,-0.27604446237732017,0.53739069823995866,-0.74270219203829446,1,0,1.3104548065683446,29.9083341732,0.299083341732,1,
2026-10-01T14:36:00.354Z,baseline,cash,,,BTCUSDT,test,2025-09-01,2026-08-31,0.003,0,0,1,0,0,0,0,0,0,0,0,0,
2026-10-01T14:36:00.678Z,baseline,random,,,BTCUSDT,test,2025-09-01,2026-08-31,0.003,0,0,100,-0.99036873444013529,0.99039558905914515,-17.071845330053627,5315,418,1480.2241049045983,9475.521010044451,94.755210100444515,1,medians over seeds 0-99; total_return p5=-0.99229973500414337 p95=-0.98706065943502763
2026-10-01T14:53:03.491Z,baseline,buy_and_hold,,,BTCUSDT,validation,2024-09-01,2025-08-31,0,0,0,1,0.83684931284000008,0.30935826245062781,1.3016374272497406,1,0,0.63296591913427735,0,0,1,
2026-10-01T14:53:03.494Z,baseline,cash,,,BTCUSDT,validation,2024-09-01,2025-08-31,0,0,0,1,0,0,0,0,0,0,0,0,0,
2026-10-01T14:53:03.765Z,baseline,random,,,BTCUSDT,validation,2024-09-01,2025-08-31,0,0,0,100,0.35307750741000166,0.217915192248041,1.0659905040444735,5722,90.5,1469.7043793564094,0,0,1,medians over seeds 0-99; total_return p5=0.054570112550998508 p95=0.81293742482899845
2026-10-01T14:53:03.768Z,baseline,buy_and_hold,,,BTCUSDT,validation,2024-09-01,2025-08-31,0.001,0,0,1,0.83501195352951973,0.3093577830352382,1.2994839009027339,1,0,0.63296473213194382,9.9898119048000016,0.099898119048000014,1,
2026-10-01T14:53:03.769Z,baseline,cash,,,BTCUSDT,validation,2024-09-01,2025-08-31,0.001,0,0,1,0,0,0,0,0,0,0,0,0,
2026-10-01T14:53:04.041Z,baseline,random,,,BTCUSDT,validation,2024-09-01,2025-08-31,0.001,0,0,100,-0.68190360451726351,0.68948560410497328,-4.0167319786062379,5670.5,130.5,1471.5466138463999,9363.2825431624224,93.632825431624227,1,medians over seeds 0-99; total_return p5=-0.76043203235362489 p95=-0.58351993808038893
2026-10-01T14:53:04.043Z,baseline,buy_and_hold,,,BTCUSDT,validation,2024-09-01,2025-08-31,0.003,0,0,1,0.83134324576754,0.30935580663392709,1.2951651426066213,1,0,0.6329599357698682,29.909327124600004,0.29909327124600005,1,
2026-10-01T14:53:04.044Z,baseline,cash,,,BTCUSDT,validation,2024-09-01,2025-08-31,0.003,0,0,1,0,0,0,0,0,0,0,0,0,
2026-10-01T14:53:04.311Z,baseline,random,,,BTCUSDT,validation,2024-09-01,2025-08-31,0.003,0,0,100,-0.98435022936631322,0.98435022936631322,-14.219722086541871,5420.5,344.5,1478.7610617114346,11284.060164872248,112.84060164872248,1,medians over seeds 0-99; total_return p5=-0.98845973643826845 p95=-0.97903677252925669
